INSERT INTO auth_permission (id, name, content_type_id, codename) VALUES (1,'Can add log entry',1,'add_logentry'),(2,'Can change log entry',1,'change_logentry'),(3,'Can delete log entry',1,'delete_logentry'),(4,'Can add permission',2,'add_permission'),(5,'Can change permission',2,'change_permission'),(6,'Can delete permission',2,'delete_permission'),(7,'Can add group',3,'add_group'),(8,'Can change group',3,'change_group'),(9,'Can delete group',3,'delete_group'),(10,'Can add user',4,'add_user'),(11,'Can change user',4,'change_user'),(12,'Can delete user',4,'delete_user'),(13,'Can add content type',5,'add_contenttype'),(14,'Can change content type',5,'change_contenttype'),(15,'Can delete content type',5,'delete_contenttype'),(16,'Can add session',6,'add_session'),(17,'Can change session',6,'change_session'),(18,'Can delete session',6,'delete_session'),(19,'Can add 重点工作进展情况',7,'add_workitem'),(20,'Can change 重点工作进展情况',7,'change_workitem'),(21,'Can delete 重点工作进展情况',7,'delete_workitem'),(22,'Can add 会议情况',8,'add_meeting'),(23,'Can change 会议情况',8,'change_meeting'),(24,'Can delete 会议情况',8,'delete_meeting'),(25,'Can add 工作简报',9,'add_report'),(26,'Can change 工作简报',9,'change_report'),(27,'Can delete 工作简报',9,'delete_report'),(31,'Can add 审计工作总体情况',11,'add_auditoverview'),(32,'Can change 审计工作总体情况',11,'change_auditoverview'),(33,'Can delete 审计工作总体情况',11,'delete_auditoverview'),(34,'Can add 解决遗留问题',12,'add_auditproblem'),(35,'Can change 解决遗留问题',12,'change_auditproblem'),(36,'Can delete 解决遗留问题',12,'delete_auditproblem'),(37,'Can add 优化局数据流程',13,'add_auditprocedure'),(38,'Can change 优化局数据流程',13,'change_auditprocedure'),(39,'Can delete 优化局数据流程',13,'delete_auditprocedure'),(40,'Can add 补充历史记录(201411至今)',14,'add_audithistory1'),(41,'Can change 补充历史记录(201411至今)',14,'change_audithistory1'),(42,'Can delete 补充历史记录(201411至今)',14,'delete_audithistory1'),(43,'Can add 补充历史记录(2011至201410)',15,'add_audithistory2'),(44,'Can change 补充历史记录(2011至201410)',15,'change_audithistory2'),(45,'Can delete 补充历史记录(2011至201410)',15,'delete_audithistory2'),(46,'Can add 解决遗留问题各子阶段工作量占比',16,'add_auditproblemstagepercent'),(47,'Can change 解决遗留问题各子阶段工作量占比',16,'change_auditproblemstagepercent'),(48,'Can delete 解决遗留问题各子阶段工作量占比',16,'delete_auditproblemstagepercent'),(49,'Can add 优化局数据流程各子阶段工作量占比',17,'add_auditprocedurestagepercent'),(50,'Can change 优化局数据流程各子阶段工作量占比',17,'change_auditprocedurestagepercent'),(51,'Can delete 优化局数据流程各子阶段工作量占比',17,'delete_auditprocedurestagepercent'),(52,'Can add 补充历史记录(201411至今)各子阶段工作量占比',18,'add_audithistorystagepercent1'),(53,'Can change 补充历史记录(201411至今)各子阶段工作量占比',18,'change_audithistorystagepercent1'),(54,'Can delete 补充历史记录(201411至今)各子阶段工作量占比',18,'delete_audithistorystagepercent1'),(55,'Can add 补充历史记录(2011至201410)各子阶段工作量占比',19,'add_audithistorystagepercent2'),(56,'Can change 补充历史记录(2011至201410)各子阶段工作量占比',19,'change_audithistorystagepercent2'),(57,'Can delete 补充历史记录(2011至201410)各子阶段工作量占比',19,'delete_audithistorystagepercent2'),(58,'Can add 国漫流程优化工作总体情况',20,'add_bossoverview'),(59,'Can change 国漫流程优化工作总体情况',20,'change_bossoverview'),(60,'Can delete 国漫流程优化工作总体情况',20,'delete_bossoverview'),(61,'Can add 补充历史记录(2011至201410)',21,'add_bossspec'),(62,'Can change 补充历史记录(2011至201410)',21,'change_bossspec'),(63,'Can delete 补充历史记录(2011至201410)',21,'delete_bossspec'),(64,'Can add 国漫优化-验收案例编写',22,'add_bosstestcase'),(65,'Can change 国漫优化-验收案例编写',22,'change_bosstestcase'),(66,'Can delete 国漫优化-验收案例编写',22,'delete_bosstestcase'),(67,'Can add 国漫优化-验收测试',23,'add_bossaccept'),(68,'Can change 国漫优化-验收测试',23,'change_bossaccept'),(69,'Can delete 国漫优化-验收测试',23,'delete_bossaccept'),(70,'Can add 国漫优化-运营流程制定',24,'add_bossoperationprocess'),(71,'Can change 国漫优化-运营流程制定',24,'change_bossoperationprocess'),(72,'Can delete 国漫优化-运营流程制定',24,'delete_bossoperationprocess'),(73,'Can add todo list',25,'add_todolist'),(74,'Can change todo list',25,'change_todolist'),(75,'Can delete todo list',25,'delete_todolist');
INSERT INTO auth_user (id, password, last_login, is_superuser, username, first_name, last_name, email, is_staff, is_active, date_joined) VALUES (1,'pbkdf2_sha256$20000$3ccJOAACOgn8$ma+XlFY7scy5c8qXVKC1SrpQpssEOMNP0DvaCEznX8U=','2016-07-17 07:20:27',1,'admin','','','admin@admin1234.com',1,1,'2016-06-30 16:52:03');
INSERT INTO django_admin_log (id, action_time, object_id, object_repr, action_flag, change_message, content_type_id, user_id) VALUES (1,'2016-07-01 07:51:13','1','Workitem object',1,'',7,1),(2,'2016-07-01 08:36:49','2','Workitem object',1,'',7,1),(3,'2016-07-01 08:37:50','3','Workitem object',1,'',7,1),(4,'2016-07-01 08:39:17','4','Workitem object',1,'',7,1),(5,'2016-07-01 08:40:08','5','Workitem object',1,'',7,1),(6,'2016-07-01 08:56:00','6','Workitem object',1,'',7,1),(7,'2016-07-01 08:56:30','6','Workitem object',3,'',7,1),(8,'2016-07-01 09:38:03','6','Workitem object',1,'',7,1),(9,'2016-07-01 09:39:31','7','Workitem object',1,'',7,1),(10,'2016-07-01 09:40:11','8','Workitem object',1,'',7,1),(11,'2016-07-01 09:41:15','9','Workitem object',1,'',7,1),(12,'2016-07-01 09:42:04','10','Workitem object',1,'',7,1),(13,'2016-07-01 09:48:56','11','Workitem object',1,'',7,1),(14,'2016-07-01 09:49:31','12','Workitem object',1,'',7,1),(15,'2016-07-01 09:50:08','13','Workitem object',1,'',7,1),(16,'2016-07-02 07:11:57','1','Meeting object',1,'',8,1),(17,'2016-07-02 07:13:28','2','Meeting object',1,'',8,1),(18,'2016-07-02 07:13:53','1','Meeting object',2,'Changed attender.',8,1),(19,'2016-07-02 07:15:06','3','Meeting object',1,'',8,1),(20,'2016-07-02 07:16:07','4','Meeting object',1,'',8,1),(21,'2016-07-02 07:17:29','5','Meeting object',1,'',8,1),(22,'2016-07-02 07:18:33','6','Meeting object',1,'',8,1),(23,'2016-07-02 07:19:11','7','Meeting object',1,'',8,1),(24,'2016-07-02 07:19:53','8','Meeting object',1,'',8,1),(25,'2016-07-02 07:20:49','9','Meeting object',1,'',8,1),(26,'2016-07-02 07:21:27','11','Meeting object',1,'',8,1),(27,'2016-07-02 07:21:57','12','Meeting object',1,'',8,1),(28,'2016-07-02 07:22:45','13','Meeting object',1,'',8,1),(29,'2016-07-02 07:33:15','10','Meeting object',2,'Changed meetingid.',8,1),(30,'2016-07-02 07:35:27','9','Meeting object',2,'Changed date, memo and attender.',8,1),(31,'2016-07-02 07:51:59','1','Workitem object',2,'Changed category.',7,1),(32,'2016-07-02 07:52:12','2','Workitem object',2,'Changed category.',7,1),(33,'2016-07-02 07:52:21','3','Workitem object',2,'Changed category.',7,1),(34,'2016-07-02 07:52:29','4','Workitem object',2,'Changed category.',7,1),(35,'2016-07-02 07:52:37','5','Workitem object',2,'Changed category.',7,1),(36,'2016-07-05 15:20:27','5','Report object',1,'',9,1),(37,'2016-07-05 15:26:16','5','Report object',2,'Changed content.',9,1),(38,'2016-07-05 15:27:24','5','Report object',2,'Changed content.',9,1),(39,'2016-07-05 15:29:55','5','Report object',2,'Changed content.',9,1),(40,'2016-07-05 15:31:08','5','Report object',2,'Changed content.',9,1),(41,'2016-07-05 15:33:53','5','Report object',2,'Changed content.',9,1),(42,'2016-07-05 15:35:46','5','Report object',2,'Changed content.',9,1),(43,'2016-07-05 15:36:52','5','Report object',2,'Changed content.',9,1),(44,'2016-07-05 15:37:51','5','Report object',2,'Changed content.',9,1),(45,'2016-07-05 15:41:23','5','Report object',2,'Changed content.',9,1),(46,'2016-07-05 15:45:27','5','Report object',2,'Changed content.',9,1),(47,'2016-07-05 15:49:28','5','Report object',2,'Changed content.',9,1),(48,'2016-07-05 16:04:55','4','Report object',1,'',9,1),(49,'2016-07-05 16:12:04','3','Report object',1,'',9,1),(50,'2016-07-05 16:19:56','3','Report object',2,'Changed content.',9,1),(51,'2016-07-05 16:24:12','2','Report object',1,'',9,1),(52,'2016-07-05 16:29:42','1','Report object',1,'',9,1),(53,'2016-07-06 07:02:58','5','Report object',2,'Changed content and file.',9,1),(54,'2016-07-06 08:49:39','5','Report object',2,'Changed filename.',9,1),(55,'2016-07-06 08:50:07','4','Report object',2,'Changed content and filename.',9,1),(56,'2016-07-06 08:50:46','3','Report object',2,'Changed file and filename.',9,1),(57,'2016-07-06 08:50:54','4','Report object',2,'Changed file.',9,1),(58,'2016-07-06 08:51:13','2','Report object',2,'Changed content, file and filename.',9,1),(59,'2016-07-06 08:51:59','1','Report object',2,'Changed content, file and filename.',9,1),(60,'2016-07-06 08:55:04','1','Report object',2,'Changed file.',9,1),(61,'2016-07-06 08:55:48','1','Report object',2,'Changed file.',9,1),(62,'2016-07-06 08:56:40','1','Report object',2,'Changed filename.',9,1),(66,'2016-07-16 08:58:49','1','AuditHistory1 object',1,'',14,1),(67,'2016-07-16 09:02:31','2','AuditHistory1 object',1,'',14,1),(68,'2016-07-16 14:31:34','1','AuditOverview object',1,'',11,1),(69,'2016-07-16 14:32:48','2','AuditOverview object',1,'',11,1),(70,'2016-07-16 14:33:41','3','AuditOverview object',1,'',11,1),(71,'2016-07-16 14:34:07','4','AuditOverview object',1,'',11,1),(72,'2016-07-16 14:47:43','1','AuditOverview object',2,'Changed plandate.',11,1),(73,'2016-07-16 15:00:14','1','AuditProblem object',1,'',12,1),(74,'2016-07-16 15:01:43','2','AuditProblem object',1,'',12,1),(75,'2016-07-16 15:02:48','3','AuditProblem object',1,'',12,1),(76,'2016-07-16 15:03:16','4','AuditProblem object',1,'',12,1),(77,'2016-07-16 15:03:22','3','AuditProblem object',2,'Changed incharge.',12,1),(78,'2016-07-16 15:11:41','3','AuditProblem object',2,'Changed note.',12,1),(79,'2016-07-16 15:11:48','4','AuditProblem object',2,'Changed note.',12,1),(80,'2016-07-16 15:21:12','5','AuditProblem object',1,'',12,1),(81,'2016-07-16 15:22:22','5','AuditProblem object',2,'Changed note.',12,1),(82,'2016-07-16 15:23:27','5','AuditProblem object',2,'Changed name and note.',12,1),(83,'2016-07-16 15:26:49','1','AuditProcedure object',1,'',13,1),(84,'2016-07-16 15:27:09','2','AuditProcedure object',1,'',13,1),(85,'2016-07-16 15:28:01','3','AuditProcedure object',1,'',13,1),(86,'2016-07-16 15:28:37','4','AuditProcedure object',1,'',13,1),(87,'2016-07-16 15:34:11','3','AuditHistory1 object',1,'',14,1),(88,'2016-07-16 15:35:00','4','AuditHistory1 object',1,'',14,1),(89,'2016-07-16 15:35:05','1','AuditHistory1 object',2,'Changed note.',14,1),(90,'2016-07-16 15:35:08','2','AuditHistory1 object',2,'Changed note.',14,1),(91,'2016-07-16 15:36:55','1','AuditHistory2 object',1,'',15,1),(92,'2016-07-16 15:37:50','2','AuditHistory2 object',1,'',15,1),(93,'2016-07-16 15:38:22','3','AuditHistory2 object',1,'',15,1),(94,'2016-07-16 15:39:11','4','AuditHistory2 object',1,'',15,1),(95,'2016-07-16 15:39:29','5','AuditHistory2 object',1,'',15,1),(96,'2016-07-16 16:15:00','6','Workitem object',2,'Changed category.',7,1),(97,'2016-07-16 16:15:25','7','Workitem object',2,'Changed category.',7,1),(98,'2016-07-16 16:15:37','8','Workitem object',2,'Changed category.',7,1),(99,'2016-07-16 16:15:48','10','Workitem object',2,'Changed category.',7,1),(100,'2016-07-16 16:16:01','9','Workitem object',2,'Changed category.',7,1),(101,'2016-07-16 16:16:12','11','Workitem object',2,'Changed category.',7,1),(102,'2016-07-16 16:16:25','12','Workitem object',2,'Changed category.',7,1),(103,'2016-07-16 16:16:36','13','Workitem object',2,'Changed category.',7,1),(104,'2016-07-16 19:43:21','1','BossOverview object',1,'',20,1),(105,'2016-07-16 19:44:07','2','BossOverview object',1,'',20,1),(106,'2016-07-16 19:46:47','3','BossOverview object',1,'',20,1),(107,'2016-07-16 19:47:12','4','BossOverview object',1,'',20,1);
INSERT INTO django_content_type (id, app_label, model) VALUES (1,'admin','logentry'),(3,'auth','group'),(2,'auth','permission'),(4,'auth','user'),(5,'contenttypes','contenttype'),(14,'pmapp','audithistory1'),(15,'pmapp','audithistory2'),(18,'pmapp','audithistorystagepercent1'),(19,'pmapp','audithistorystagepercent2'),(11,'pmapp','auditoverview'),(12,'pmapp','auditproblem'),(16,'pmapp','auditproblemstagepercent'),(13,'pmapp','auditprocedure'),(17,'pmapp','auditprocedurestagepercent'),(23,'pmapp','bossaccept'),(24,'pmapp','bossoperationprocess'),(20,'pmapp','bossoverview'),(21,'pmapp','bossspec'),(22,'pmapp','bosstestcase'),(8,'pmapp','meeting'),(9,'pmapp','report'),(25,'pmapp','todolist'),(7,'pmapp','workitem'),(6,'sessions','session');
INSERT INTO django_migrations (id, app, name, applied) VALUES (1,'contenttypes','0001_initial','2016-06-30 16:51:34'),(2,'auth','0001_initial','2016-06-30 16:51:35'),(3,'admin','0001_initial','2016-06-30 16:51:35'),(4,'contenttypes','0002_remove_content_type_name','2016-06-30 16:51:35'),(5,'auth','0002_alter_permission_name_max_length','2016-06-30 16:51:35'),(6,'auth','0003_alter_user_email_max_length','2016-06-30 16:51:35'),(7,'auth','0004_alter_user_username_opts','2016-06-30 16:51:35'),(8,'auth','0005_alter_user_last_login_null','2016-06-30 16:51:35'),(9,'auth','0006_require_contenttypes_0002','2016-06-30 16:51:35'),(10,'sessions','0001_initial','2016-06-30 16:51:35'),(11,'pmapp','0001_initial','2016-07-01 07:33:19'),(12,'pmapp','0002_auto_20160701_0748','2016-07-01 07:49:02'),(13,'pmapp','0003_auto_20160701_0802','2016-07-01 08:02:49'),(14,'pmapp','0004_auto_20160701_0803','2016-07-01 08:03:51'),(15,'pmapp','0005_auto_20160701_0847','2016-07-01 08:47:36'),(16,'pmapp','0006_auto_20160701_0850','2016-07-01 08:50:30'),(17,'pmapp','0007_auto_20160701_0855','2016-07-01 08:55:22'),(18,'pmapp','0008_auto_20160701_0914','2016-07-01 09:14:34'),(19,'pmapp','0009_auto_20160701_0916','2016-07-01 09:16:19'),(20,'pmapp','0010_auto_20160701_0916','2016-07-01 09:16:39'),(21,'pmapp','0011_meeting','2016-07-01 15:17:19'),(22,'pmapp','0012_report','2016-07-05 15:15:47'),(23,'pmapp','0013_auto_20160705_1529','2016-07-05 15:29:47'),(24,'pmapp','0014_auto_20160706_0657','2016-07-06 06:57:46'),(25,'pmapp','0015_report_filename','2016-07-06 08:48:37'),(26,'pmapp','0016_audit','2016-07-08 15:14:01'),(27,'pmapp','0017_auto_20160708_1607','2016-07-08 16:07:26'),(28,'pmapp','0018_auto_20160708_1756','2016-07-08 17:56:50'),(29,'pmapp','0019_audit_mainstage','2016-07-09 07:48:27'),(30,'pmapp','0020_auto_20160716_0847','2016-07-16 08:47:53'),(31,'pmapp','0021_auto_20160716_1517','2016-07-16 15:17:50'),(32,'pmapp','0022_bossoverview_bossspec','2016-07-16 19:23:37'),(33,'pmapp','0023_auto_20160717_0710','2016-07-17 07:10:26'),(34,'pmapp','0024_bossaccept_bossoperationprocess_bosstestcase','2016-07-17 20:22:10'),(35,'pmapp','0025_todolist','2016-07-18 07:14:59'),(36,'pmapp','0026_auto_20160720_1446','2016-07-20 14:46:16');
INSERT INTO django_session (session_key, session_data, expire_date) VALUES ('2k35imwpkr6htzjrhybja8slfd8d9pkx','NDFkZmE4NjY2ZmI5ODQ2ZTQyNWU2OTQ1NTYzNmI1YTdhZjNkMTMyZjp7fQ==','2016-07-31 07:19:12'),('b6uuki2p21wk87y19h9k3yatfpaxizoc','OTQ0YzI2NWY1NDg1ZTg0Y2YwOTkxMmFhODFhZGI5MWUxMTM0OTc0ZDp7Il9hdXRoX3VzZXJfaGFzaCI6ImU1YjdiNTUyYzE3OGNjMTJiZWUyYzA2YTRmOGE2N2QzOGM0YzIxOTQiLCJfYXV0aF91c2VyX2JhY2tlbmQiOiJkamFuZ28uY29udHJpYi5hdXRoLmJhY2tlbmRzLk1vZGVsQmFja2VuZCIsIl9hdXRoX3VzZXJfaWQiOiIxIn0=','2016-07-19 15:16:05'),('f6bxc09sgrf6xze7lzc174kr4zf4dk9t','OTQ0YzI2NWY1NDg1ZTg0Y2YwOTkxMmFhODFhZGI5MWUxMTM0OTc0ZDp7Il9hdXRoX3VzZXJfaGFzaCI6ImU1YjdiNTUyYzE3OGNjMTJiZWUyYzA2YTRmOGE2N2QzOGM0YzIxOTQiLCJfYXV0aF91c2VyX2JhY2tlbmQiOiJkamFuZ28uY29udHJpYi5hdXRoLmJhY2tlbmRzLk1vZGVsQmFja2VuZCIsIl9hdXRoX3VzZXJfaWQiOiIxIn0=','2016-07-31 07:20:27'),('hvpb8xluyda61blo30a3ooqkjkul61di','OTQ0YzI2NWY1NDg1ZTg0Y2YwOTkxMmFhODFhZGI5MWUxMTM0OTc0ZDp7Il9hdXRoX3VzZXJfaGFzaCI6ImU1YjdiNTUyYzE3OGNjMTJiZWUyYzA2YTRmOGE2N2QzOGM0YzIxOTQiLCJfYXV0aF91c2VyX2JhY2tlbmQiOiJkamFuZ28uY29udHJpYi5hdXRoLmJhY2tlbmRzLk1vZGVsQmFja2VuZCIsIl9hdXRoX3VzZXJfaWQiOiIxIn0=','2016-07-30 08:55:24'),('lmbf3kk5qsbqqn2a3owjan6j8mgg0ers','OTQ0YzI2NWY1NDg1ZTg0Y2YwOTkxMmFhODFhZGI5MWUxMTM0OTc0ZDp7Il9hdXRoX3VzZXJfaGFzaCI6ImU1YjdiNTUyYzE3OGNjMTJiZWUyYzA2YTRmOGE2N2QzOGM0YzIxOTQiLCJfYXV0aF91c2VyX2JhY2tlbmQiOiJkamFuZ28uY29udHJpYi5hdXRoLmJhY2tlbmRzLk1vZGVsQmFja2VuZCIsIl9hdXRoX3VzZXJfaWQiOiIxIn0=','2016-07-15 09:15:20'),('u26jqc8m821hl9651ljasqyg3oyi791m','OTQ0YzI2NWY1NDg1ZTg0Y2YwOTkxMmFhODFhZGI5MWUxMTM0OTc0ZDp7Il9hdXRoX3VzZXJfaGFzaCI6ImU1YjdiNTUyYzE3OGNjMTJiZWUyYzA2YTRmOGE2N2QzOGM0YzIxOTQiLCJfYXV0aF91c2VyX2JhY2tlbmQiOiJkamFuZ28uY29udHJpYi5hdXRoLmJhY2tlbmRzLk1vZGVsQmFja2VuZCIsIl9hdXRoX3VzZXJfaWQiOiIxIn0=','2016-07-22 17:54:24');
INSERT INTO pmapp_audithistory1 (itemid, name, incharge, plandate, enddate, stage, state, note) VALUES (1,'提取201411-201605交流网站问题单','王慧敏','2016-07-15','2016-07-15',1,1,'YW-20160630-171928'),(2,'依据问题单匹配工单并补全附件','王慧敏','2016-07-20',NULL,2,0,'YW-20160630-171928'),(3,'导出系统记录','王慧敏','2016-07-22',NULL,3,0,'YW-20160630-171928'),(4,'稽核并修正系统记录','王慧敏','2016-09-30',NULL,4,2,'YW-20160630-171928');
INSERT INTO pmapp_audithistory2 (itemid, name, incharge, plandate, enddate, stage, state, note) VALUES (1,'收集交流网站工单','王慧敏','2016-10-10',NULL,1,2,'文档管理系统中获取'),(2,'查找对应工单及附件','王慧敏','2016-10-10',NULL,2,2,''),(3,'导出系统记录','王慧敏','2016-10-10',NULL,3,2,''),(4,'稽核系统记录','王慧敏','2016-11-30',NULL,4,2,''),(5,'修正系统记录','王慧敏','2016-12-20',NULL,4,2,'');
INSERT INTO pmapp_auditoverview (itemid, stage, incharge, plandate, enddate, state, note) VALUES (1,1,'王慧敏','2016-10-31',NULL,0,'YW-20160504-154746 YW-20160613-172557'),(2,2,'王慧敏','2016-12-31',NULL,0,'YW-20160613-172821 YW-20160518-105718 YW-20160630-171423'),(3,3,'王慧敏','2016-10-31',NULL,0,'YW-20160630-171928'),(4,4,'王慧敏','2016-12-20',NULL,2,'');
INSERT INTO pmapp_auditproblem (itemid, name, incharge, plandate, enddate, stage, state, note) VALUES (1,'沟通国际公司补发56个OA文','王慧敏','2016-08-31',NULL,1,0,'YW-20160504-154746'),(2,'收集剩余82个OA文局数据','王慧敏','2016-08-31',NULL,2,0,'YW-20160504-154746'),(3,'协调集团交流网站补发通知56个OA文','吕智权 王慧敏','2016-09-30',NULL,3,2,'YW-20160504-154746'),(4,'协调集团交流网站补发通知82个OA文','吕智权 王慧敏','2016-09-30',NULL,3,2,'YW-20160504-154746'),(5,'修正“来访国际口GSM长途费率”中的系统记录、完善系统逻辑','利祥','2016-10-31',NULL,4,0,'YW-20160613-172557');
INSERT INTO pmapp_auditprocedure (itemid, name, incharge, plandate, enddate, stage, state, note) VALUES (1,'改造交流网站','王慧敏','2016-11-30',NULL,1,0,'YW-20160613-172821'),(2,'改造工单系统','王慧敏','2016-11-30',NULL,2,0,'YW-20160613-172821'),(3,'新局数据流程手册更新实施','王慧敏','2016-07-31',NULL,3,0,'YW-20160518-105718'),(4,'整改国际口来访长途费率批价逻辑及界面展示','王慧敏','2016-12-31',NULL,4,2,'YW-20160630-171423');
INSERT INTO pmapp_bossoverview (itemid, stage, incharge, plandate, enddate, state, note) VALUES (1,1,'李朝志','2016-07-31',NULL,0,''),(2,2,'李朝志','2016-11-11',NULL,2,''),(3,3,'李朝志','2016-12-31',NULL,2,''),(4,4,'李朝志','2017-01-31',NULL,2,'');
INSERT INTO pmapp_meeting (meetingid, date, memo, attender, type) VALUES (1,'2015-12-11','1.国际公司和深圳公司就IOT资费管理需求进行沟通，双方对需求进行沟通与确认。后续深圳中心编写系统支撑的需求，开展系统建设功能。 2.深圳中心介绍已经编写的标签库，双方沟通标签需求以及未来标签可使用的场景；深圳中心正在做标签模型的研究，后续将完成系统需求的编写和标签体系的建设。','叶秀泳、蔡小宁、韩爽、林珑婧、吕智权、王力、王慧敏、李朝志、胡海艳、钱金华、帅妮、方杨、闫和鑫、傅晓华 ',1),(2,'2016-01-08','1.双方就VOLTE计费方式和签署协议问题进行沟通，待集团明确计费结算策略后，深圳公司将通过邮件方式明确签订IOT协议时注意的问题。 2.关于退费对账问题，确定了对账差异原则以及明确后续退费工作的升级联系人。 3.双方就IOT管理需求进行进一步沟通及确认，深圳公司将根据会上沟通结果完善系统支撑需求，开展系统建设。 4.深圳公司介绍现阶段国际业务支撑管理平台的功能，国际公司在此基础上提出了新需求，并表示将在会后进一步明确需求，深圳公司将根据新需求开展系统建设和优化。 5.双方就漫游客户通信行为标签数据的推送方案达成了共识，在专线开通前，借用其他专线实时推送数据，深圳公司将进行后续评估改造。 6.深圳中心反馈近期新产品结算需求支撑的进展情况，国际公司表示根据最新的市场策略，“大中华区资费本地化结算支撑”将考虑与后续相关产品同步开展，“小流量免批改造”需等待市场部确定免批逻辑，其余新产品进展暂无更新。','Della、Jhon、Wing、Scarlett、Jeanne、张睿、胡海艳、 帅妮、 李朝志、 梁焕霞、 李祖喜、王力',1),(3,'2016-01-29','1.国际公司介绍“一带一路资费调整方案”及“大中华资费本地化”进展情况，双方就“订购关系同步”等问题进行讨论，待方案明确后，深圳中心将开展相关支撑工作。 2.双方就IOT管理需求进行进一步沟通及确认，深圳公司将根据会上沟通结果完善系统支撑需求，开展系统建设。 3.国际公司提出“漫游业务集中化”设想，双方分析讨论目前存在的问题，后续国际公司将推动市场部组织业支、网络部、深圳中心等进一步研究讨论。 4.国际公司对国际业务支撑管理平台提出新的需求，为未来各种产品提供分析支撑，后续国际公司将进一步细化分析思路，深圳中心将开展系统建设。 5.国际公司提出“优化国际公司与省公司的结算模式，使之与客户端结算模式一致”的想法，双方进行了分析讨论，后续深圳中心进行相应的测算分析，供国际公司优化结算模式参考决策。','Jammy、Jhon、Wing、Scarlett、Jeanne、吕智权、胡海艳、 帅妮、 李朝志、 梁焕霞、 李祖喜、闫和鑫',1),(4,'2016-03-09','1.双方依据现有业务情况，梳理出潜在合作方向，为下一步规划做好准备工作； 2.双方讨论达成共识，近期优先开展能快速产出效应的合作产品，如“足迹”等； 3.初步梳理明确跨公司集团级虚拟项目组中各公司的分工和职责；','Wing、Scarlett、张诚、Jerry、Lion Li、Della、胡海艳、梁焕霞、吕智权',1),(5,'2016-03-11','1.互联网公司介绍“国际漫游流量与和通讯录业务合作交流”需求，参会各方讨论明确两点合作方向：1）国际公司与互联网公司基于无忧行产品的合作；2）互联网公司与能力开发平台的合作，深圳中心配合； 2.国际公司介绍近期合作事宜进展及未来规划，双方进一步讨论合作模式，并达成共识，后续深圳中心作为合作团队的成员，将承担更多的业务分析和策略规划等工作。 3.国际公司、南方基地与深圳中心共同商讨“国漫足迹”项目需求，参会各方讨论明确了项目时间计划、推送手段和各方的职责分工。 4.国际公司介绍了国际业务支撑管理平台系统的改造点需求，并明确系统改造优先级。','张瑞平、Jammy、Jhon、Wing、Della、张诚、陈春松、王璐、张静、廖丽玲、李莉、胡海艳、李祖喜、互联网公司 南基等等',3),(6,'2016-04-08','1.国际公司介绍2016年第一次资费调整、一带一路及大中华资费优化方案和集中化等项目进展，以及国漫满意度工作事宜，包括包天封顶取消订购短信、问候短信平台新建和降门槛等工作； 2.双方共同讨论联合运营团队工作内容，并明确4月和5月联合团队的工作计划与目标； 3.双方商讨足迹项目中目前的问题，并确定后续计划及跟踪事宜； 4.国际公司介绍国际业务月度运营分析材料的内容，讨论明确数据统计口径等相关问题，后续每月由深圳中心与国际公司联合完成材料编写； 5.双方商讨终端分析专项工作，后续将开展数据业务终端占比和使用情况分析工作； 6.讨论国漫业务科普宣传专项工作，依托国漫微信公众号向用户普及出国漫游准备等相关知识。','Jammy、Jhon、Wing、Della、胡海艳、帅妮、闫和鑫、梁焕霞、李朝志、南方基地',1),(7,'2016-04-08','1.国际公司对深圳中心提供的部分账务报表提出了优化建议，深圳中心将对这些建议进行需求评估并改造； 2.针对预估报表的数值准确性问题进行了原因分析，包括GPRS日套餐、对比报告等。','Fanny、Garly、Iris、Peter、霍俞琮、谢智敏、吕智权、林敏辉、赵纯露',1),(8,'2016-04-29','1.国漫业务集中化汇报材料讨论； 2.讨论国际业务月度运营分析材料优化方案：主要对材料展示进行优化，后续按照此次讨论的模板进行材料编写； 3.讨论被叫9元封顶影响测算及分析：国际公司介绍了分析的思路，深圳中心分别提供了国内漫游和北京移动用户在大陆的用户行为数据，最后讨论采用北京移动全球通用户的被叫平均水平作为国际漫游的用户需求，后续按照分析思路开展专题分析； 4.讨论大包多天的专题分析：沟通了分析的思路和专题的目的，后续深圳中心根据分析思路开展专题分析； 5.讨论跳网分析专题：沟通了目前的台湾跳网分析的阶段成果，并讨论了下一步计划，将参照台湾跳网分析扩展到15个重点方向进行分析。 6.客户服务专题讨论：国际公司与南方基地讨论了问候短信采用10086发送后的运营需求问题；投诉工单分类及流程问题套；微信公众账号联合运营问题，主要讨论一周一篇专题新闻的需求落地与实施；关于用户境外拨打13800100186显示需求问题与解决方案讨论。','Wing、Irene、Jammy、Jhon、徐琛、胡海艳、帅妮、闫和鑫、梁焕霞、李朝志、方杨、南方基地',1),(9,'2016-04-29','双方就结算业务报表中用户数指标的统计方式进行讨论，建议统计时间从目前的1日延迟至3日，后续深圳中心将进一步评估实施。','Wing、Irene、林敏辉、帅妮、闫和鑫',1),(10,'2016-05-20','1.被叫9元封顶测算讨论，风险防控组针对产品风险提出建议，后续国际公司完善专题结论； 2.结算报表中用户数统计延迟到5号出月数据可行性讨论，深圳中心需要与集团沟通报表出具时间，等集团确认后再做系统改造； 3.国内口结算、国际口结算和客户端资费局数据日常维护与更新讨论； 4.国漫公众号联合运营专题，主要讨论： 国漫公众号增粉活动策划，讨论后续如何结合国漫业务，开展公众号增粉活动，提高粉丝规模；下阶段微信图文推送计划，讨论如何结合暑期毕业、亲子旅游热开展系列软文图文推送；微信公众号功能体验优化，讨论包括关键字回复、模板消息、资费推荐等功能的优化。','Wing、Irene、Jhon、徐琛、胡海艳、帅妮、闫和鑫、梁焕霞、王慧敏、方杨、南方基地',1),(11,'2016-06-03','1. 双方针对资费调整影响分析专题进行讨论，明确资费调整的口径与定义，后续深圳中心将根据沟通的分析思路开展专题分析工作； 2. 双方针对省公司利润专题进行讨论，明确数据业务客户端模拟资费采用GGSN话单，结合跳网专题进行原因分析； 3. 深圳中心介绍了国际业务支撑管理平台的新功能，重点介绍了数据业务自定义分层和语音业务自定义分层的功能； 4. 深圳中心介绍了国际漫游业务知识，让国际公司更清楚国际漫游清算流程和话单流转过程，并对国际公司的疑问进行解答。','Irene、Jhon、徐琛、Della、Jammy、胡海艳、帅妮、闫和鑫、王慧敏',1),(12,'2016-06-16','1.国际公司提出国内口GPRS套餐调账预估数据不准确的问题，深圳中心对此提出调整建议，双方共同探讨确认，后续深圳中心根据讨论方案落实实施。 2.双方对尚未完成调账的历史IOT运营商（2014年之前）进行了梳理，后续由深圳中心进一步核查对账进度，整理后反馈至国际公司； 3.双方均提出对每月深圳中心出具的CN/DN统计表进行优化的建议及需求，经过双方的讨论后确认优化需求，后续由深圳中心进行系统改造； 4.深圳中心向国际公司介绍国际短信结算分表及总表的计算方法，以及国际短彩信的对账流程； 5.针对目前国际短彩信对账中差异分析耗时较长导致账单迟迟未能出具的问题，国际公司将内部协调确认处理方式，后将沟通深圳中心确定解决方案。','Ellie Li、Fanny Chan、Kathy Yin、Meg Cheung、Garly Liu、吕智权、林敏辉、王力、李红梅、谢智敏',1),(13,'2016-06-24','1.双方就目前已提交的改造需求进一步明确，并对改造进度和历史数据补充工作进行时间排期，另外针对限速的统计和监控需求进行讨论，后续明确需求后将在支撑管理平台上实现。                                                          2.双方对漫游集中化后的经分系统规划进行了初步探讨，具体内容需要在漫游集中化业务需求确定后再进行规划。                                                 3.与国际公司和南方基地就沉默用户激活和精准营销讨论了用户标签体系的框架以及后续标签的应用场景和实现方式，后续还需进一步明确国际公司针对沉默用户激活的标签需求和使用场景。','Jhon、徐琛、Della、帅妮、闫和鑫、范辉、南方基地',1);
INSERT INTO pmapp_report (reportid, dateperiod, date, content, file, filename) VALUES (1,'2015.12.4—2016.1.18','2016-01-19','<h1> 	<span style=\"font-size:18px;\">1 工作进展</span>  </h1> <p> 	<span style=\"font-size:16px;\"><strong>1.1确定沟通机制</strong></span>  </p> <p> 	<span style=\"font-size:16px;\">为落实2015年12月4日国际公司与深圳公司交流会议的精神，深圳公司与国际公司确定按月以“业务交流会议+任务进度管控表”的形式推进国际业务各项支撑工作的落地。每月初双方召开当面或电话形式的业务交流会议，同时更新任务进度管控表中各项工作进展并发布相关人员。</span>  </p> <p> 	<span style=\"font-size:16px;\"><strong>1.2召开两次会议</strong></span>  </p> <p> 	<span style=\"font-size:16px;\">2015年12月11日和2016年1月8日，双方在国通大厦召开2期业务交流会。与会双方就国际漫游产品、经分工作需求及业务发展趋势进行探讨，进一步明晰了业务需求，促进双方后续更紧密的合作，推动业务发展。</span>  </p> <p> 	<span style=\"font-size:16px;\"><strong>1.3各项工作进展概况</strong></span>  </p> <p> 	<span style=\"font-size:16px;\">1）2015年12月30日深圳公司完成国际业务支撑管理平台第一阶段的改造和上线工作，满足国际公司部分紧急的统计分析需求。双方已明确平台第二阶段的部分需求，包括数据分析和IOT资费管理。</span>  </p> <p> 	<span style=\"font-size:16px;\">2）2016年1月深圳公司已对国际公司提出的“减免小流量话单”需求进行分析和评估技术实现方案，并协助国际公司进行统计和测算。</span>  </p> <p> 	<span style=\"font-size:16px;\">各项工作进展情况详见附录一：《各项合作事宜进展明细表》。</span>  </p> <h1> 	<span style=\"font-size:18px;\">2 后续计划</span>  </h1> <p> 	<span style=\"font-size:16px;\">2.1&nbsp;&nbsp;&nbsp;&nbsp;&nbsp;计划2月初召开第三次业务交流会；</span>  </p> <p> 	<span style=\"font-size:16px;\">2.2&nbsp;&nbsp;&nbsp;&nbsp;&nbsp;制定国际业务春节保障工作计划；</span>  </p> <p> 	<span style=\"font-size:16px;\">2.3&nbsp;&nbsp;&nbsp;&nbsp;&nbsp;跟踪并推进各项新产品需求的发文进展，以及整理国际业务支撑管理平台二阶段统计分析需求。</span>  </p> <h1> 	<span style=\"font-size:16px;\"><span style=\"font-size:18px;\">3 </span><span style=\"font-size:18px;\">存在问题</span></span>  </h1> <p> 	<span style=\"font-size:16px;\">暂无。</span>  </p> <h1> 	<span style=\"font-size:18px;\">4 附录</span>  </h1> <p> 	<span style=\"font-size:16px;\">附录一： 《各项合作事宜进展明细表》</span>  </p> <p> 	<a></a>  </p> <p> 	<span style=\"font-size:16px;\">&nbsp;</span>  </p> <p style=\"text-align:right;\"> 	<span style=\"font-size:16px;\">&nbsp;&nbsp;&nbsp;&nbsp;&nbsp;&nbsp;&nbsp;&nbsp;&nbsp;&nbsp;&nbsp;&nbsp;&nbsp;&nbsp;&nbsp;&nbsp;&nbsp;&nbsp;&nbsp;&nbsp;&nbsp;&nbsp;&nbsp;&nbsp;&nbsp;&nbsp;&nbsp;&nbsp;&nbsp;&nbsp;&nbsp;&nbsp;&nbsp;&nbsp; 深圳清算中心</span>  </p> <p style=\"text-align:right;\"> 	<span style=\"font-size:16px;\">（清算业务部、系统管理部、国际清算部）</span>  </p> <p style=\"text-align:right;\"> 	<span style=\"font-size:16px;\">2016/1/19</span>  </p>','report/各项合作事宜明细表-第五期.xlsx','深圳公司对国际公司业务支撑工作简报第一期.docx'),(2,'2016.1.19—2016.3.24','2016-03-24','<h1> 	<span style=\"font-size:18px;\">1&nbsp;</span><span style=\"font-size:18px;\">工作进展</span>  </h1> <p> 	<a></a><span style=\"font-size:16px;\"><strong>1.1召开4次交流会议</strong></span>  </p> <p> 	<span style=\"font-size:16px;\">&nbsp; &nbsp; 2016年1月29日和2016年3月11日，双方在国通大厦召开2期业务交流会。与会双方肯定前期合作成果，并就“国际漫游业务集中化方案”、“一带一路及大中华本地化资费优化方案” 等各项工作进行深入探讨并明确后续任务。双方在未来将更加紧密的合作，推动国漫业务持续发展。</span>  </p> <p> 	<span style=\"font-size:16px;\">&nbsp; &nbsp; 2016年3月3日，集团市场部召集集团业支、国际公司和深圳中心探讨“国际漫游业务集中化方案”的技术可行性，并明确下一步工作计划。</span>  </p> <p> 	<span style=\"font-size:16px;\">&nbsp; &nbsp; 2016年3月4日，双方就Mobicom联合竞标、Hand-in-hand联盟16年工作重点、ARCH产品介绍以及其他16年可能合作事宜进行了交流，后续将对明确的事项做进一步的探讨并开展支撑工作。</span>  </p> <p> 	<span style=\"font-size:16px;\"><span style=\"font-size:10px;\"><span style=\"font-size:9px;\"></span></span><br /> </span>  </p> <p> 	<span style=\"font-size:16px;\"><strong>1.2各项主要工作进展概况</strong></span>  </p> <p> 	<span style=\"font-size:16px;\"><strong>1) 国际漫游业务集中化：</strong>为更灵活快速的支撑国际业务发展，集团市场部提出“建立国漫业务集中BOSS”的需求，实现所有国漫业务的统一受理与计费控制，客户服务等功能。3月3日会议完成了初步的可行性分析，计划3月底前市场部向集团领导汇报，4月-8月开展业务规范技术方案编写工作，9月开始项目建设工作。</span>  </p> <p> 	<span style=\"font-size:16px;\"><strong>2) 国漫业务支撑管理平台：</strong>2016年2月，完成了第二阶段模拟批价等功能模块的改造并上线，并已明确第三阶段业务需求，后续将进行第三阶段系统改造。</span>  </p> <p> 	<span style=\"font-size:16px;\"><strong>3) 小流量话单减免改造：</strong>2016年3月1日完成客户端减免功能并上线，目前正在商讨对应的内部结算需求，并跟踪分析实施效果。</span>  </p> <p> 	<span style=\"font-size:16px;\"><strong>4) 一带一路及大中华资费方案设计：</strong>基于国际公司提出深入漫游业务分析需求，双方以一带一路和大中华资费方案设计为着力点，建立了更科学的分析方法和更准确的分析模型，得到国际公司赞许，并表达进一步加强合作的期望。下一步将建立长期的融合团队，并在系统中固化分析模型。</span>  </p> <p> 	<span style=\"font-size:16px;\"><strong>5) 国际漫游足迹项目：</strong>2016年3月9日，国际公司提出“国际漫游足迹项目”设想，以互联网产品模式，向用户推出国际漫游业务使用情况的回顾。该项目由国际公司总体牵头，深圳中心负责提供用户数据支撑，南方基地负责具体页面设计及开发，计划4月底完成测试上线。</span>  </p> <p> 	<span style=\"font-size:16px;\"><strong>6) Mobicom联合竞标项目：</strong>2016年2月19日，CMI提出希望ARCH联合参与蒙古Mobicom的漫游服务竞标项目，ARCH按照时间要求于3月7日之前向CMI反馈了竞标所需的材料。同时，双方也为后续其他的联合竞标事宜的标准工作流程框架以及未来roaming hub的合作可能性进行了初步的探讨。</span>  </p> <p> 	<span style=\"font-size:16px;\">各项工作进展情况详见附录一：《各项合作事宜进展明细表》</span>  </p> <h1> 	<span style=\"font-size:18px;\">2 后续计划</span>  </h1> <p> 	<span style=\"font-size:16px;\">2.1&nbsp;&nbsp;&nbsp;&nbsp;&nbsp;计划4月初召开2016年第6次业务交流会；</span>  </p> <p> 	<span style=\"font-size:16px;\">2.2&nbsp;&nbsp;&nbsp;&nbsp;&nbsp;跟踪并推进各项新产品需求、支撑平台及项目的进展，包括漫游集中化集团决策情况、国际漫游足迹项目等。</span>  </p> <h1> 	<span style=\"font-size:16px;\"><span style=\"font-size:18px;\">3 </span><span style=\"font-size:18px;\">存在问题</span></span>  </h1> <p> 	<span style=\"font-size:16px;\">暂无。</span>  </p> <h1> 	<span style=\"font-size:18px;\">4 附录</span>  </h1> <p> 	<span style=\"font-size:16px;\">附录一： 《各项合作事宜进展明细表》</span>  </p> <p> 	<br /> </p> <p style=\"text-align:right;\"> 	<span style=\"font-size:16px;\">深圳清算中心</span>  </p> <p style=\"text-align:right;\"> 	<span style=\"font-size:16px;\">（清算业务部、系统管理部、国际清算部）</span>  </p> <p style=\"text-align:right;\"> 	<span style=\"font-size:16px;\">2016/3/24</span>  </p>','report/深圳公司对国际公司需求支撑工作简报第二期.docx','深圳公司对国际公司需求支撑工作简报第二期.docx'),(3,'2016.3.25—2016.4.28','2016-04-29','<h1> 	<span style=\"font-size:18px;\">1 工作进展</span>  </h1> <p> 	<span style=\"font-size:16px;\"><strong>1.1会议情况</strong></span>  </p> <p> 	<span style=\"font-size:16px;\">2016年4月8日，双方在国通大厦召开1期业务交流会。国际公司业务部门介绍了各项国漫项目的最新进展，并就“足迹”项目和CMI月度运营分析报告等联合运营工作与深圳中心进行深入探讨，明确后续工作计划。国际公司财务部门与深圳中心就双方信息系统的情况进行了交流，对未来深圳中心结算报表的出具和传输方式的优化进行了探讨。</span>  </p> <p> 	<span style=\"font-size:16px;\"><strong>1.2各项工作进展概况</strong></span>  </p> <p> 	<span style=\"font-size:16px;\"><strong>1) 国际漫游业务集中化: </strong>目前仍待市场部内部决策，与此前计划3月底市场部上报集团高层进行决策的计划相比，已经延期，经沟通主要有以下两方面原因：1、根据李跃总提出的“一带一路”资费优化要求，集团市场部和国际公司集中资源优先推进“一带一路资费调整”和大中区资费方案，预计5月17日前推出。2、集团市场部内部和其他跨部门工作也需要层层审批，通过之后方可提交高层决策，导致进度滞后。</span>  </p> <p> 	<span style=\"font-size:16px;\"><strong>2) Jego VoIP业务计费支撑：</strong>2016年3月28日，国际公司基于Jego平台接入和无忧行流量业务的基础上，计划推出VoIP话音服务，支持被叫和主叫回国。深圳中心负责接收国际公司Jego BOSS话单，预处理、批价后下发归属省计费。目前已完成需求分析和方案评估，待收到集团发文后触发后续改造工作。</span>  </p> <p> 	<span style=\"font-size:16px;\"><strong>3) 前海卡结算支撑：</strong>2016年3月17日，国际公司提出前海卡结算需求，目前已协助完成需求及方案并明确目前方案下的结算规则，后续深圳中心将进一步跟进方案进展，并与省公司确定订购关系同步方案。</span>  </p> <p> 	<span style=\"font-size:16px;\"><strong>4) 国漫业务支撑管理平台：</strong>2016年3月双方明确了系统第三期支撑系统的改造需求和上线时间，涉及用户数统计、分层统计等多个模块，目前系统改造已提交测试，预计五月初完成上线。</span>  </p> <p> 	<span style=\"font-size:16px;\"><strong>5)&nbsp; 一带一路及大中华资费方案优化：</strong>国际公司在集团方案汇报中还在持续优化资费方案，深圳中心协助提供各种方案的收入测算，待最终产品方案确定和产品推广后，深圳中心将继续跟进资费产品效果监控和分析。</span>  </p> <p> 	<span style=\"font-size:16px;\"><strong>6) 经分联合团队工作：</strong>双方组建经分联合运营团队，建立双周例会制度，并共同讨论联合运营工作内容包括常规的CMI月度运营分析报告、数据统计和专题分析，目前已经规划了3个月内的专题计划列表和时间安排。4月份共同完成了3月CMI月度运营分析报告以及终端分析专题，得到国际公司赞许，表示会继续深度合作，把国漫业务的运营做的更好。</span><a></a>  </p> <p> 	<span style=\"font-size:16px;\"><strong>7) 国际漫游足迹项目：</strong>由于南方基地开发还在修改缺陷中，足迹项目计划4月28日上线延迟到五一之后。目前深圳中心与南方基地已经完成联调，南方基地改造完后将正式上线。足迹项目已报备集团市场部并得到肯定，集团市场部高度赞赏了此次项目活动。</span>  </p> <p> 	<span style=\"font-size:16px;\">各项工作进展情况详见附录一：《各项合作事宜进展明细表》。</span>  </p> <h1> 	<span style=\"font-size:18px;\">2 </span><span style=\"font-size:18px;\">后续计划</span>  </h1> <p> 	<span style=\"font-size:16px;\">2.1 &nbsp;计划5月初召开2016年第7次沟通会；</span>  </p> <p> 	<span style=\"font-size:16px;\">2.2 &nbsp;跟踪并推进各项新产品需求、支撑平台及项目的进展，包括漫游集中化集团决策情况、国际漫游足迹项目等。</span>  </p> <h1> 	<span style=\"font-size:18px;\">3 存在问题</span>  </h1> <p> 	<span style=\"font-size:16px;\">暂无。</span>  </p> <h1> 	<span style=\"font-size:18px;\">4</span><span style=\"font-size:18px;\">&nbsp;附录</span>  </h1> <p> 	<span style=\"font-size:16px;\">附录一： 《各项合作事宜进展明细表》</span>  </p> <p> 	<a></a>  </p> <p> 	<span style=\"font-size:16px;\">&nbsp;</span>  </p> <p style=\"text-align:right;\"> 	<span style=\"font-size:16px;\">深圳清算中心</span>  </p> <p style=\"text-align:right;\"> 	<span style=\"font-size:16px;\">（清算业务部、系统管理部、国际清算部）</span>  </p> <p style=\"text-align:right;\"> 	<span style=\"font-size:16px;\">2016/4/29</span>  </p>','report/深圳公司对国际公司需求支撑工作简报第三期.docx','深圳公司对国际公司需求支撑工作简报第三期.docx'),(4,'2016.4.29—2016.6.1','2016-06-02','<h1> 	<span style=\"font-size:18px;\">1 工作进展</span>  </h1> <p> 	<span style=\"font-size:16px;\"><strong>1.1 会议情况</strong></span>  </p> <p> 	<span style=\"font-size:16px;\">2016年4月29日和5月20日，双方在国通大厦召开2期业务交流会。双方分别针对国际漫游业务流程优化（集中化项目）、CMI月度运营分析报告、新产品测算等联合运营工作进行深入探讨，明确后续重点工作计划。</span>  </p> <p> 	<span style=\"font-size:16px;\"><strong>1.2 各项工作进展概况</strong></span>  </p> <p> 	<span style=\"font-size:16px;\"><strong>1) &nbsp; 5月4日双方高层会议后续跟踪事宜进展情况：</strong></span>  </p> <p> 	<span style=\"font-size:16px;\"><strong>协助开展办公邮件管理工作：</strong>目前，国际公司与深圳公司达成一致，深圳中心将搭建 “CMI国际业务结算管理平台”和“CMI客户网上服务平台”两个电子化平台，提升国际公司内部管理的效率和质量。下月就需求进行详细沟通，并制定整体的实施计划。</span>  </p> <p> 	<span style=\"font-size:16px;\"><strong>梳理国际公司结算业务种类及双方分工界面：</strong>目前，国际公司4月底提出了将国际短信、国际wlan的第三方转接业务交接至深圳中心的需求。为发挥深圳中心集中支撑优势，双方沟通确定对其他业务种类进行梳理，探讨分工界面。下月待国际公司内部梳理需求后双方进行详细沟通，并制定实施计划。</span>  </p> <p> 	<span style=\"font-size:16px;\"><strong>国际公司宽表需求：</strong>针对国际公司的日月宽边需求，深圳中心内部评估认为，此数据内容可以完成产品设计、用户行为、内部管理优化等各类分析需求，应用价值非常大。为了提供更贴近市场应用的数据结果，双方就需求应用进行了多次沟通，国际公司表示将与业务部门共同商讨提供具体的应用场景。后续待国际公司提交需求后双方再进一步探讨后续实现方式。</span>  </p> <p> 	<span style=\"font-size:16px;\"><strong>国际漫游业务流程优化（集中化项目）:</strong>根据集团市场部要求名称更改为国际漫游业务流程优化项目，深圳中心本月组建跨部门团队，制定初步计划，并按集团要求评估项目建设周期、资源及后续运维资源。由于集团决策流程较长，为尽快推进此项目，下月计划与集团业支汇报确定实施方案。</span>  </p> <p> 	<span style=\"font-size:16px;\"><strong>Jego Boss</strong><strong>系统维护支撑需求：</strong>2015年5月4日，国际公司提出建议由深圳中心承接CMI Jego Boss维护工作的需求。本月主要与国际公司进行Jego Boss架构和业务流程的面对面交流，并就目前系统运维现状、性能要求等问题进行探讨,后续需进一步与国际公司明确合作模式和流程。</span>  </p> <p> 	<span style=\"font-size:16px;\"><strong>2) &nbsp; 其余重点工作进度情况：</strong></span>  </p> <p> 	<span style=\"font-size:16px;\"><strong>国漫业务支撑管理平台：</strong>本月主要完成第三期需求上线，涉及用户数统计、数据业务自定义分层统计、语音业务固定分层和自定义分层等多个模块。目前正在补充历史数据，预计6月中旬补充完成后系统将能够满足国际公司大部分的日常运营的工作需求。</span>  </p> <p> 	<span style=\"font-size:16px;\"><strong>经分联合团队工作：</strong>5月份联合团队主要工作是CMI月度运营分析报告、大包多天专题、被叫9元封顶影响与测算和用户跳网专题分析。国际公司移动业务部对我方经分支撑能力给予很高评价，非常感谢深圳中心对国际公司的运营支撑。</span><a></a>  </p> <p> 	<span style=\"font-size:16px;\"><strong>国际漫游足迹项目：</strong>该项目于5月6日正式在国漫微信和10086微信平台上线。截止5月22日，共有2万人左右参与活动。该项目得到集团领导的认可，并计划6月3日在集团双创启动仪式上，进行活动的成果展示。</span>  </p> <p> 	<span style=\"font-size:16px;\">各项工作进展情况详见附录一：《各项合作事宜进展明细表》。</span>  </p> <h1> 	<span style=\"font-size:18px;\">2 </span><span style=\"font-size:18px;\">后续计划</span>  </h1> <p> 	<span style=\"font-size:16px;\">2.1&nbsp;&nbsp;&nbsp;&nbsp;&nbsp;按计划召开6月份例会；</span>  </p> <p> 	<span style=\"font-size:16px;\">2.2&nbsp;&nbsp;&nbsp;&nbsp;&nbsp;跟踪并推进各项新产品需求、支撑平台及项目的进展，包括漫游集中化集团决策情况、大包多天产品优化等。</span>  </p> <h1> 	<span style=\"font-size:18px;\">3 存在问题</span>  </h1> <p> 	<span style=\"font-size:16px;\">暂无。</span>  </p> <h1> 	<span style=\"font-size:18px;\">4 </span><span style=\"font-size:18px;\">附录</span>  </h1> <p> 	<span style=\"font-size:16px;\">附录一： 《各项合作事宜进展明细表》</span>  </p> <p> 	<br /> </p> <p style=\"text-align:right;\"> 	<span style=\"font-size:16px;\">深圳清算中心</span>  </p> <p style=\"text-align:right;\"> 	<span style=\"font-size:16px;\">（清算业务部、系统管理部、国际清算部）</span>  </p> <p style=\"text-align:right;\"> 	<span style=\"font-size:16px;\">2016/6/2</span>  </p>','report/深圳公司对国际公司需求支撑工作简报第四期.docx','深圳公司对国际公司需求支撑工作简报第四期.docx'),(5,'2016.6.2—2016.6.28','2016-06-29','<h3> 	<span style=\"font-size:18px;\">1.&nbsp;工作进展</span>  </h3> <p> 	<span style=\"font-size:16px;\"><strong>1.1&nbsp;会议情况</strong></span>  </p> <blockquote> 	<p> 		<span style=\"font-size:16px;\">2016年6月3日、6月16日和6月24日，双方在国通大厦召开3期业务交流会。双方分别针对国际业务支撑管理平台需求、精准营销建设客户数据标签和国漫流程优化项目等工作进行深入探讨，明确后续重点工作计划。</span>  	</p> </blockquote> <p> 	<span style=\"font-size:16px;\"><strong>1.2&nbsp;各项工作进展概况</strong></span>  </p> <p> 	<span style=\"font-size:16px;\"><strong>1.2.1 &nbsp; &nbsp;5月4日双方高层会议后续跟踪事宜进展情况：</strong></span>  </p> <blockquote> 	<blockquote> 		<p> 			<span style=\"font-size:16px;\"><strong>1) 国际漫游业务流程优化（集中化项目）:</strong>2016年6月3日，深圳公司就目前国漫业务流程优化项目系统支撑方案、资源评估情况及后续工作计划向集团业支汇报，获得集团认可，并就下一步工作思路和开展计划给出了明确的建议。在此基础上，制定项目计划和后续实施方案，明确在8月份前完成国漫业务流程梳理、技术方案编写和业务支撑系统改造需求编写工作，待收到发文后启动项目实施工作，计划12月底完成改造。目前，已完成国漫业务流程梳理和评审，并启动技术方案编写工作。</span>  		</p> 	</blockquote> 	<blockquote> 		<p> 			<span style=\"font-size:16px;\"><strong>2) 国际公司两个平台建设：</strong>目前已制定整体实施计划，采用迭代开发模式，6月底完成需求概要编制，7月底完成需求细化，8月底完成开发测试工作，计划于9月1日上线。下月将按照计划开展需求细化工作。</span>  		</p> 	</blockquote> 	<blockquote> 		<p> 			<span style=\"font-size:16px;\"><strong>3) 梳理国际公司结算业务种类及双方分工界面：</strong>国际公司在全面梳理其业务种类的基础上，确定现阶段暂不将其他业务线交接深圳中心，后续将于平台建设完成之后再行探讨。目前已讨论确定第三方转接业务包括国际短信和国际Wlan业务的改造需求和运营要求，包括对账模式、结算模型等，下月将讨论需求细化事宜。</span>  		</p> 	</blockquote> 	<blockquote> 		<p> 			<span style=\"font-size:16px;\"><strong>4) 国际公司宽表需求：</strong>国际公司仍未提供具体的应用场景，后续待国际公司提交需求后双方再进一步探讨后续实现方式。</span>  		</p> 	</blockquote> 	<blockquote> 		<p> 			<span style=\"font-size:16px;\"><strong>5) Jego Boss系统维护支撑需求：</strong>正在与国际公司沟通中，还需进一步与国际公司明确合作模式和流程。</span>  		</p> 	</blockquote> </blockquote> <p> 	<span style=\"font-size:16px;\"><strong>&nbsp;1.2.2 &nbsp;其余重点工作进度情况：</strong></span>  </p> <blockquote> 	<blockquote> 		<p> 			<span style=\"font-size:16px;\"><strong>1) 国漫业务支撑管理平台</strong>：本月沟通新需求时间上线排期及进度讨论。预计8月上线新的需求有分产品查询、业务量监控等。</span>  		</p> 	</blockquote> 	<blockquote> 		<p> 			<span style=\"font-size:16px;\"><strong>2) 经分联合团队工作</strong>：6月份联合团队主要工作是CMI月度运营分析报告、资费调整影响分析和国内口利润分析。下个月将继续支撑新产品上线后效果跟踪与数据业务产品优化。</span>  		</p> 	</blockquote> </blockquote> <span style=\"font-size:16px;line-height:1.5;\"></span><span style=\"font-size:16px;line-height:1.5;\">各项工作进展情况详见附录一：《各项合作事宜进展明细表》。</span><br /> <h3> 	<span style=\"font-size:18px;\">2.&nbsp;后续计划</span>  </h3> <p> 	<span style=\"font-size:16px;\">2.1 &nbsp;按计划召开7月份例会；</span>  </p> <p> 	<span style=\"font-size:16px;\">2.2 &nbsp;&nbsp;跟踪并推进各项新产品需求、支撑平台及项目的进展，包括漫游集中化集团决策情况、精准营销建设客户数据标签等。</span>  </p> <h3> 	<span style=\"font-size:18px;\">3.&nbsp;存在问题</span>  </h3> <p> 	<span style=\"font-size:16px;\">暂无。</span>  </p> <h3> 	<span style=\"font-size:18px;\">4.附录</span>  </h3> <p> 	<span style=\"font-size:16px;\">附录一： 《各项合作事宜进展明细表》</span>  </p> <p> 	<br /> </p> <p> 	<span style=\"font-size:16px;\">&nbsp;</span>  </p> <p style=\"text-align:right;\"> 	<span style=\"font-size:16px;\">深圳清算中心</span>  </p> <p style=\"text-align:right;\"> 	<span style=\"font-size:16px;\">（清算业务部、系统管理部、国际清算部）</span>  </p> <p style=\"text-align:right;\"> 	<span style=\"font-size:16px;\">2016/6/29</span>  </p>','report/深圳公司对国际公司需求支撑工作简报第五期.docx','深圳公司对国际公司需求支撑工作简报第五期.docx');
INSERT INTO pmapp_workitem (itemid, category, progress, plan, state, name) VALUES (1,'新产品支撑工作','1.制定项目进度计划 2.完成国漫业务流程梳理及评审 3.开展技术方案编写','跟进发文、完成技术方案及需求编写',0,'国际漫游业务流程优化（集中化项目）'),(2,'新产品支撑工作','目前已制定整体实施计划，采用迭代开发模式，6月底完成需求概要编制，7月底完成需求细化，8月底完成开发测试工作，计划于9月1日上线。','按照计划开展需求细化工作',0,'国际公司两个平台建设'),(3,'新产品支撑工作','国际公司在全面梳理其业务种类的基础上，确定现阶段暂不将其他业务线交接深圳中心，后续将于平台建设完成之后再行探讨。目前已讨论确定第三方转接业务包括国际短信和国际Wlan业务的改造需求和运营要求，包括对账模式、结算模型等。','下月将讨论需求细化事宜',0,'梳理国际公司结算业务种类及双方分工界面'),(4,'新产品支撑工作','2015年5月4日，国际公司提出建议由深圳中心承接CMI Jego Boss维护工作的需求。目前正在与国际公司沟通中，还需进一步与国际公司明确合作模式和流程','需进一步与国际公司明确合作模式和流程',0,'Jego Boss系统维护支撑需求'),(5,'新产品支撑工作','1.已完成客户端免批改造，于3月1日上线 2.已完成国内口结算系统改造，于5月25日上线','-',1,'出访用户单日首次小流量话单实施免批价改造支撑'),(6,'经分支撑工作','针对国际公司的日月宽边需求，深圳中心内部评估认为，此数据内容可以完成产品设计、用户行为、内部管理优化等各类分析需求，应用价值非常大。为了提供更贴近市场应用的数据结果，双方就需求应用进行了多次沟通，国际公司表示将与业务部门共同商讨提供具体的应用场景','后续待国际公司提交需求后双方再进一步探讨后续实现方式',0,'国际公司宽表需求'),(7,'经分支撑工作','1.已经完成需求编写、需求评审、概要设计 2.完成验收测试 3.2015年12月30日上线 4.更新需求：文件传输区分数据业务；去掉用户MSISDN号码 5. CMI申请的6M专线已经开通，5月31日已经开始每天传数据到CMI','跟进国际公司数据接口开发进展与问题解决',0,'主动推送漫游客户通信行为的标签数据'),(8,'经分支撑工作','6月已提交第四阶段的改造需求','进行改造方案评审跟进改造进度',0,'漫游业务分析'),(9,'经分支撑工作','讨论根据用户标签进行沉默激活与精准营销的可行性方案','进一步明确国际公司针对沉默用户激活的标签需求和使用场景。',0,'用户画像'),(10,'经分支撑工作','已开始进行第二批改造验收测试','跟进系统验收保证系统上线正常',0,'IOT管理'),(11,'经分支撑工作','1.3月报告运营数据部门已经更新 2. 完成终端专题相关的分析 3. 完成报告优化讨论 4. 讨论专题分析思路                                                 5. 编写5月运营分析报告 6. 讨论修改数据统计口径',' 编写6月运营分析报告',0,'CMI月度运营分析报告'),(12,'经分支撑工作','1. 4月完成终端分析专题； 2. 4月完成台湾方向跳网分析，5月进一步扩展到15个重点分析的跳网分析； 3.5月完成被叫9元封顶影响测算及分析，并从风险防控角度给出建议； 4. 5月完成大包多天的结算和用户行为分析                           5.资费调整影响分析 6.省公司负利润分析','1.持续跟进对内结算优化测算至2016年7月 2. 数据业务产品优化支撑',0,'专项工作'),(13,'经分支撑工作','1.参与展示内容讨论 2.梳理统计指标；编写脚本和核对 3.协调资源，保障数据安全和性能 4.调用接口开发 5.跟进集团发文 6.接口测试 7. 5月6日正式在国漫微信和10086微信平台上线','-',1,'国漫足迹项目');
INSERT INTO todolist (id, item, intime, deletetag) VALUES (1,'国漫流程优化','2016-07-18 07:24:43',1),(2,'adfad','2016-07-18 07:26:51',1),(3,'adfadf','2016-07-18 07:30:00',1),(4,'发达','2016-07-18 07:24:49',1),(5,'adfafd1','2016-07-18 07:29:51',1);
